use TVD;

INSERT INTO Species (SpeciesName, MainAbility, MainWeakness) 
VALUES
("Witch", "Spellcasting", "Grimoires"),
("Werewolf", "Super Strength", "Wolfsbane"),
("Vampire", "Healing", "Sunlight"),
("Original Vampire", "Immortality", "White oak stake"),
("Hybrid", "Daylight Immunity", "Werewolf bite"),
("Ghost", "Invisibility", "Isolation"),
("Spirit", "Intangibility", "Witchcraft"),
("Doppelganger", "Blood", "Mortality"),
("Golem", "Unique physiology", "Tribrid blood"),
("Human", "Adaptability", "Blood loss"),
("Hunter", "Combat skills", "Mortality");

INSERT INTO Director(FirstName, LastName, DateOfBirth, Nationality) VALUES
("Marcos", "Siega", "1971-06-11", "Cuban-American"),
("John", "Dahl", "1956-12-12", "American"),
("Guy", "Ferland", "1966-02-18", NULL),
("Kevin", "Bray", NULL, NULL),
("Ernest", "Dickerson", "1951-06-25", "American"),
("Rick", "Bota", NULL, NULL),
("J.", "Miller Tobin", NULL, NULL),
("David", "Barrett", NULL, NULL),
("Liz", "Friedlander", NULL, NULL),
("Joshua", "Butler", NULL, NULL),
("Dennis", "Smith", NULL, NULL),
("David", "Von Ancken", NULL, NULL),
("Patrick", "Norris", NULL, NULL),
("Rob", "Hardy", NULL, NULL),
("Jeff", "Woolnough", NULL, NULL),
("John", "Behring", NULL, NULL),
("Charles", "Beeson", NULL, NULL),
("Ralph", "Hemecker", NULL, NULL),
("Elizabeth", "Allen", NULL, NULL),
("Michael", "Katleman", NULL, NULL),
("Wendey", "Stanzler", NULL, NULL),
("Paul", "M. Sommers", NULL, NULL),
("Chris", "Grismer", NULL, NULL),
("David", "Jackson", NULL, NULL),
("Jeffrey", "Hunt", NULL, NULL),
("Pascal", "Verschooris", NULL, NULL),
("Lance", "Anderson", NULL, NULL),
("Jesse", "Warn", NULL, NULL),
("Brad", "Turner", NULL, NULL),
("Michael", "Allowitz", NULL, NULL),
("Garreth", "Stover", NULL, NULL),
("Kellie", "Cyrus", NULL, NULL),
("Darnell", "Martin", NULL, NULL),
("Leslie", "Libman", NULL, NULL),
("Darren", "Genet", NULL, NULL),
("Paul", "Wesley", "1982-07-23", "American"),
("Julie", "Plec", "1972-05-26", "American"),
("Ian", "Somerhalder", "1978-12-08", "American"),
("Geoffrey", "Wing Shotz", NULL, NULL),
("Tony", "Solomons", NULL, NULL),
("Deborah", "Chow", NULL, NULL),
("Mike", "Karasick", NULL, NULL),
("Rashaad", "Ernesto Green", NULL, NULL),
("Michael", "A. Allowitz", NULL, NULL),
("James", "Thompson", NULL, NULL),
("Tanya", "Hamilton", NULL, NULL),
("Geoff", "Shotz", NULL, NULL),
("Carol", "Banker", NULL, NULL);


INSERT INTO Families(FamilyName, FamilyDescription, Residence, CurrentHead, Founder, OriginDate) values
('Salvatore', 'A prominent vampire family with a complicated history, including the transformation of Damon and Stefan Salvatore.', 'Mystic Falls', 'Damon Salvatore', 'Giuseppe Salvatore', '1800-01-01'),
('Gilbert', 'A lineage closely tied to the supernatural events in Mystic Falls, including the doppelg채nger bloodline.', 'Mystic Falls', 'Elena Gilbert', 'Johnathan Gilbert', '1700-01-01'),
('Forbes', 'A respected human family known for their involvement in local politics and business.', 'Mystic Falls', 'Caroline Forbes', 'Joseph Forbes', '1850-01-01'),
('Bennett', 'A powerful lineage of witches with deep roots in protecting the balance of nature and magic.', 'Mystic Falls', 'Bonnie Bennett', 'Emily Bennett', '1600-01-01'),
('Lockwood', 'A family with a werewolf curse and a long history of conflict with vampires.', 'Mystic Falls', 'Tyler Lockwood', 'Benjamin Lockwood', '1750-01-01'),
('Mikaelson', 'One of the oldest and most powerful vampire families, with members known as "Originals."', 'Various', 'Klaus Mikaelson', 'Mikael', '900-01-01'),
('Donovan', 'A human family with connections to law enforcement and local government.', 'Mystic Falls', 'Matt Donovan', 'Robert Donovan', '1780-01-01'),
('Petrova', 'A family of doppelg채ngers linked to a curse that has plagued them for centuries.', 'Various', 'Elena Gilbert / Katherine Pierce', 'Katerina Petrova', '1500-01-01'),
('Fell', 'An influential family involved in journalism and media in Mystic Falls.', 'Mystic Falls', 'Meredith Fell', 'Francis Fell', '1850-01-01');
-- ('Maxwell', 'A wealthy and secretive family with significant influence in the town of Mystic Falls.', 'Mystic Falls', NULL, NULL, '1800-01-01');


INSERT INTO ActorInfo(FirstName,LastName, DateOfBirth, BirthCity, BirthCountry, NetWorthInMln, Nationality, NofMovies, TotalApperancesinSeries, SalaryPerEpisode)
VALUES
("Paul", "Wesley", "1982-07-23", "New Brunswick", "USA", 6.0, "American", 14, 171, 40000),
("Ian", "Somerhalder", "1978-12-08", "Covington", "USA", 12.0, "American", 31, 171, 40000),
("Nina", "Dobrev", "1989-01-09", "Sofia", "Bulgaria", 10.0, "Bulgarian", 15, 136, 40000),
("Kat", "Graham", "1989-09-05", "Geneva", "Switzerland", 3.0, "Swiss-American", 21, 136, 25000),
("Candice", "King", "1987-05-13", "Houston", "United States", 4.5, "American", 8, 150, 25000),
("Zach", "Roerig", "1985-02-22", "Montpelier", "United States", 4.0, "American", 17, 127, 20000),
("Steven", "McQueen", "1988-07-13", "Los Angeles", "United States", 3.0, "American", 10, 99, 17000),
("Matthew", "Davis", "1978-05-08", "Salt Lake City", "United States", 2.5, "American", 20, 99, 12000),
("Michael", "Trevino", "1985-01-25", "Montebello", "United States", 4.5, "American", 15, 92, 15000),
("Michael", "Malarkey", "1983-06-21", "Beirut", "Lebanon", 3.2, "British", 8, 59, 15000),
("Daniel", "Gillies", "1976-03-14", "Winnipeg", "Canada", 3.5, "Canadian", 27, 23, 18000),
("Joseph", "Morgan", "1981-05-16", "London", "United Kingdom", 3, "British", 26, 43, 20000),
("Claire", "Holt", "1988-06-11", "Brisbane", "Australia", 3.5, "Australian", 15, 37, 20000);


    
INSERT INTO CharacterInformation(FirstName, LastName, Species, DateOfBirth, PlaceOfBirth, Bloodline_Family, Actor_id, Height, EyeColor, HairColor) VALUES
('Elena', 'Gilbert', 'Doppelganger', '1992-06-22', 'Virginia', 'Gilbert', 3, '5\6', 'Brown', 'Brown'),
('Stefan', 'Salvatore', 'Vampire', '1846-11-01', 'Virginia', 'Salvatore', 1, '5\11', 'Green', 'Brown'),
('Damon', 'Salvatore', 'Vampire', '1839-06-18', 'Virginia', 'Salvatore', 2, '5\10', 'Blue', 'Black'),
('Bonnie', 'Bennett', 'Witch', '1993-02-05', 'Virginia', 'Bennett', 4, NULL, 'Brown', 'Black'),
('Caroline', 'Forbes', 'Vampire', '1992-10-10', 'Virginia', 'Forbes', 5,  NULL, 'Blue', 'Blonde'),
('Matt', 'Donovan', 'Human', '1991-11-17', 'Virginia', 'Donovan', 6,  NULL, 'Blue', 'Blonde'),
('Jeremy', 'Gilbert', 'Hunter', '1994-10-13', 'Virginia', 'Gilbert', 7, '6\0', 'Brown', 'Brown'),
('Alaric', 'Saltzman', 'Human', '1976-01-01', 'Virginia', NULL, 8, '6\1', 'Blue', 'Brown'),
('Tyler', 'Lockwood', 'Hybrid', '1990-09-28', 'Virginia', 'Lockwood', 9, '6\1', 'Brown', 'Brown'),
('Enzo', 'St. John', 'Vampire', '1876-01-10', NULL, NULL, 10,  '6\2', 'Brown', 'Black'),
('Elijah', 'Mikaelson', 'Original Vampire', '977-04-28', 'Virginia', 'Mikaelson', 11, '6\1', 'Brown', 'Brown'),
('Niklaus', 'Mikaelson', 'Original Vampire', '982-10-30', 'Virginia', 'Mikaelson', 12, '6\3', 'Blue', 'Brown'),
('Rebekah', 'Mikaelson', 'Original Vampire', '984-06-11', 'Virginia', 'Mikaelson', 13, '5\7', 'Blue', 'Blonde'),
('Katherine', 'Pierce', 'Vampire', '1473-06-05', 'Bulgaria', 'Petrova', 3, '5\7', 'Brown', 'Black');


INSERT INTO Season (SeasonNumber, Rating, StartDate, EndDate)
VALUES (1, '8.7', '2009-09-10', '2010-05-13'),
       (2, '9.1', '2010-09-09', '2011-05-12'),
       (3, '8.9', '2011-09-15', '2012-05-10'),
       (4, '9.0', '2012-10-11', '2013-05-16'),
       (5, '8.8', '2013-10-03', '2014-05-15'),
       (6, '8.7', '2014-10-02', '2015-05-14'),
       (7, '8.6', '2015-10-08', '2016-05-13'),
       (8, '8.5', '2016-10-21', '2017-03-10');

INSERT INTO Episode(Title, Season, EpisodeNumber, ReleaseDate, Director_id, ViewsInMln) 
VALUES
('Pilot', 1, 1, '2009-09-10', 1, 4.91),
('The Night of the Comet', 1, 2, '2009-09-17', 1, 3.78),
('Friday Night Bites', 1, 3, '2009-09-24', 2, 3.81),
('Family Ties', 1, 4, '2009-10-01', 3, 3.53),
("You're Undead to Me", 1, 5, '2009-10-08', 4, 3.52),
('Lost Girls', 1, 6, '2009-10-15', 1, 3.88),
('Haunted', 1, 7, '2009-10-29', 5, 4.18),
('162 Candles', 1, 8, '2009-11-05', 6, 4.09),
('History Repeating', 1, 9, '2009-11-12', 1, 4.10),
('The Turning Point', 1, 10, '2009-11-19', 7, 3.57),
('Bloodlines', 1, 11, '2010-01-21', 8, 3.68),
('Unpleasantville', 1, 12, '2010-01-28', 9, 3.71),
('Children of the Damned', 1, 13, '2010-02-04', 1, 3.99),
('Fool Me Once', 1, 14, '2010-02-11', 1, 3.51),
('A Few Good Men', 1, 15, '2010-03-25', 10, 3.33),
('There Goes the Neighborhood', 1, 16, '2010-04-01', 4, 2.80),
('Let the Right One In', 1, 17, '2010-04-08', 11, 3.48),
('Under Control', 1, 18, '2010-04-15', 12, 3.15),
('Miss Mystic Falls', 1, 19, '2010-04-22', 1, 3.33),
('Blood Brothers', 1, 20, '2010-04-29', 9, 3.39),
('Isobel', 1, 21, '2010-05-06', 7, 3.31),
('Founders Day', 1, 22, '2010-05-13', 1, 3.47),
('The Return', 2, 1, '2010-09-09', 7, 3.28),
('Brave New World', 2, 2, '2010-09-16', 2, 3.05),
('Bad Moon Rising', 2, 3, '2010-09-23', 13, 3.57),
('Memory Lane', 2, 4, '2010-09-30', 14, 3.18),
('Kill or Be Killed', 2, 5, '2010-10-07', 15, 3.47),
('Plan B', 2, 6, '2010-10-21', 16, 3.62),
('Masquerade', 2, 7, '2010-10-28', 17, 3.55),
('Rose', 2, 8, '2010-11-04', 9, 3.63),
('Katerina', 2, 9, '2010-11-11', 7, 3.50),
('The Sacrifice', 2, 10, '2010-12-02', 18, 3.46),
('By the Light of the Moon', 2, 11, '2010-12-09', 19, 3.16),
('The Descent', 2, 12, '2011-01-27', 1, 3.55),
('Daddy Issues', 2, 13, '2011-02-03', 10, 3.22),
('Crying Wolf', 2, 14, '2011-02-10', 12, 2.78),
('The Dinner Party', 2, 15, '2011-02-17', 1, 3.07),
('The House Guest', 2, 16, '2011-02-24', 20, 2.98),
('Know Thy Enemy', 2, 17, '2011-04-07', 21, 2.73),
('The Last Dance', 2, 18, '2011-04-14', 16, 2.81),
('Klaus', 2, 19, '2011-04-21', 10, 2.70),
('The Last Day', 2, 20, '2011-04-28', 7, 2.68),
('The Sun Also Rises', 2, 21, '2011-05-05', 22, 2.84),
('As I Lay Dying', 2, 22, '2011-05-12', 16, 2.86),
('The Birthday', 3, 1, '2011-09-15', 16, 3.10),
('The Hybrid', 3, 2, '2011-09-22', 10, 2.52),
('The End of the Affair', 3, 3, '2011-09-29', 23, 2.50),
('Disturbing Behavior', 3, 4, '2011-10-06', 10, 2.63),
('The Reckoning', 3, 5, '2011-10-13', 16, 2.76),
('Smells Like Teen Spirit', 3, 6, '2011-10-20', 24, 2.65),
('Ghost World', 3, 7, '2011-10-27', 25, 2.54),
('Ordinary People', 3, 8, '2011-11-03', 7, 2.69),
('Homecoming', 3, 9, '2011-11-10', 16, 2.78),
('The New Deal', 3, 10, '2012-01-05', 16, 2.57),
('Our Town', 3, 11, '2012-01-12', 21, 2.43),
('The Ties That Bind', 3, 12, '2012-01-19', 2, 2.58),
('Bringing Out the Dead', 3, 13, '2012-02-02', 26, 2.43),
('Dangerous Liaisons', 3, 14, '2012-02-09', 23, 2.40),
('All My Children', 3, 15, '2012-02-16', 26, 2.44),
('1912', 3, 16, '2012-03-15', 16, 2.50),
('Break on Through', 3, 17, '2012-03-22', 27, 2.40),
('The Murder of One', 3, 18, '2012-03-29', 7, 2.54),
('Heart of Darkness', 3, 19, '2012-04-19', 28, 2.57),
('Do Not Go Gentle', 3, 20, '2012-04-26', 10, 2.26),
('Before Sunset', 3, 21, '2012-05-03', 23, 2.35),
('The Departed', 3, 22, '2012-05-10', 23, 2.64),
('Growing Pains', 4, 1, '2012-10-11', 23, 2.84),
('Memorial', 4, 2, '2012-10-18', 14, 2.68),
('The Rager', 4, 3, '2012-10-25', 29, 2.63),
('The Five', 4, 4, '2012-11-01', 10, 2.39),
('The Killer', 4, 5, '2012-11-08', 10, 2.61),
('We All Go a Little Mad Sometimes', 4, 6, '2012-11-15', 28, 2.76),
("My Brother's Keeper", 4, 7, '2012-11-29', 30, 2.89),
("We'll Always Have Bourbon Street", 4, 8, '2012-12-06', 31, 2.90),
('O Come, All Ye Faithful', 4, 9, '2012-12-13', 21, 2.78),
('After School Special', 4, 10, '2013-01-17', 31, 2.55),
('Catch Me If You Can', 4, 11, '2013-01-24', 29, 2.63),
('A View to a Kill', 4, 12, '2013-01-31', 32, 2.50),
('Into the Wild', 4, 13, '2013-02-07', 28, 2.45),
('Down the Rabbit Hole', 4, 14, '2013-02-14', 23, 2.26),
('Stand by Me', 4, 15, '2013-02-21', 26, 2.50),
('Bring It On', 4, 16, '2013-03-14', 31, 2.45),
('Because the Night', 4, 17, '2013-03-21', 33, 2.51),
('American Gothic', 4, 18, '2013-03-28', 34, 2.55),
('Pictures of You', 4, 19, '2013-04-18', 35, 2.39),
('The Originals', 4, 20, '2013-04-25', 23, 2.33),
("She's Come Undone", 4, 21, '2013-05-02', 38, 2.34),
('The Walking Dead', 4, 22, '2013-05-09', 14, 2.36),
('I Know What You Did Last Summer', 5, 1, '2013-10-03', 26, 2.50),
('True Lies', 5, 2, '2013-10-10', 10, 2.03),
('Original Sin', 5, 3, '2013-10-17', 31, 1.94),
('For Whom the Bell Tolls', 5, 4, '2013-10-24', 28, 2.17),
("Monster's Ball", 5, 5, '2013-10-31', 34, 2.01),
('Handle with Care', 5, 6, '2013-11-07', 30, 1.83),
('Death and the Maiden', 5, 7, '2013-11-14', 37, 1.96),
('Dead Man on Campus', 5, 8, '2013-11-21', 14, 1.83),
('The Cell', 5, 9, '2013-12-05', 23, 1.99),
('Fifty Shades of Grayson', 5, 10, '2014-01-23', 34, 1.88),
('500 Years of Solitude', 5, 11, '2014-01-30', 23, 1.76),
('The Devil Inside', 5, 12, '2014-02-06', 34, 1.78),
('Total Eclipse of the Heart', 5, 13, '2014-02-27', 39, 1.83),
('No Exit', 5, 14, '2014-03-06', 28, 1.73),
('Gone Girl', 5, 15, '2014-03-13', 36, 1.76),
('While You Were Sleeping', 5, 16, '2014-03-20', 26, 1.81),
('Rescue Me', 5, 17, '2014-04-17', 37, 1.74),
('Resident Evil', 5, 18, '2014-04-24', 14, 1.80),
('Man on Fire', 5, 19, '2014-05-01', 28, 1.78),
('What Lies Beneath', 5, 20, '2014-05-08', 10, 1.87),
('Home', 5, 21, '2014-05-15', 23, 1.86),
('Ill Wed You in the Golden Summertime', 6, 1, '2014-10-02', 40, 1.60),
('Yellow Ledbetter', 6, 2, '2014-10-09', 34, 1.52),
('Welcome to Paradise', 6, 3, '2014-10-16', 28, 1.37),
('Black Hole Sun', 6, 4, '2014-10-23', 34, 1.45),
('The World Has Turned and Left Me Here', 6, 5, '2014-10-30', 36, 1.54),
('The More You Ignore Me, the Closer I Get', 6, 6, '2014-11-06', 33, 1.30),
('Do You Remember the First Time?', 6, 7, '2014-11-13', 39, 1.59),
('Fade Into You', 6, 8, '2014-11-20', 36, 1.46),
('I Alone', 6, 9, '2014-12-04', 34, 1.62),
('Christmas Through Your Eyes', 6, 10, '2014-12-11', 28, 1.47),
('Woke Up With a Monster', 6, 11, '2015-01-22', 36, 1.48),
('Prayer For the Dying', 6, 12, '2015-01-29', 33, 1.42),
('The Day I Tried to Live', 6, 13, '2015-02-05', 36, 1.49),
('Stay', 6, 14, '2015-02-12', 36, 1.37),
('Let Her Go', 6, 15, '2015-02-19', 39, 1.44),
('The Downward Spiral', 6, 16, '2015-03-12', 33, 1.38),
('A Bird In a Gilded Cage', 6, 17, '2015-03-19', 36, 1.42),
('I Never Could Love Like That', 6, 18, '2015-04-16', 36, 1.32),
('Because', 6, 19, '2015-04-23', 37, 1.35),
('Id Leave My Happy Home For You', 6, 20, '2015-04-30', 41, 1.33),
('Ill Wed You in the Golden Summertime', 6, 21, '2015-05-07', 40, 1.32),
('Im Thinking of You All the While', 6, 22, '2015-05-14', 23, 1.45),
('Day One of Twenty-Two Thousand, Give or Take', 7, 1, '2015-10-08', 26, 1.48),
('Never Let Me Go', 7, 2, '2015-10-15', 36, 1.32),
('Age of Innocence', 7, 3, '2015-10-22', 33, 1.18),
('I Carry Your Heart With Me', 7, 4, '2015-10-29', 36, 1.23),
('Live Through This', 7, 5, '2015-11-05', 37, 1.21),
('Best Served Cold', 7, 6, '2015-11-12', 26, 1.12),
('Mommie Dearest', 7, 7, '2015-11-19', 36, 1.28),
('Hold Me, Thrill Me, Kiss Me, Kill Me', 7, 8, '2015-12-03', 39, 1.16),
('Cold as Ice', 7, 9, '2015-12-10', 42, 1.07),
('Hell Is Other People', 7, 10, '2016-01-29', 46, 1.10),
('Things We Lost in the Fire', 7, 11, '2016-02-05', 36, 1.24),
('Postcards From the Edge', 7, 12, '2016-02-12', 43, 1.15),
('This Womans Work', 7, 13, '2016-02-19', 26, 1.15),
('Moonlight on the Bayou', 7, 14, '2016-02-26', 28, 1.15),
('I Would for You', 7, 15, '2016-03-04', 36, 1.17),
('Days of Future Past', 7, 16, '2016-04-08', 44, 1.04),
('I Went to the Woods', 7, 17, '2016-04-15', 36, 1.03),
('One Way or Another', 7, 18, '2016-04-22', 28, 1.08),
('Somebody That I Used to Know', 7, 19, '2016-04-29', 45, 1.01),
('Kill Em All', 7, 20, '2016-05-06', 28, 1.08),
('Requiem for a Dream', 7, 21, '2016-05-13', 47, 0.99),
('Gods and Monsters', 7, 22, '2016-05-20', 39, 0.99),
('Hello Brother', 8, 1, '2016-10-21', 30, 1.18),
('Today Will Be Different', 8, 2, '2016-10-28', 26, 1.09),
('You Decided That I Was Worth Saving', 8, 3, '2016-11-04', 42, 1.04),
('An Eternity of Misery', 8, 4, '2016-11-11', 14, 1.06),
('Coming Home Was a Mistake', 8, 5, '2016-11-18', 45, 1.04),
('Detoured on Some Random Backwoods Path to Hell', 8, 6, '2016-12-02', 36, 1.07),
('The Next Time I Hurt Somebody, It Could Be You', 8, 7, '2016-12-09', 46, 0.99),
('We Have History Together', 8, 8, '2017-01-13', 38, 1.00),
('The Simple Intimacy of the Near Touch', 8, 9, '2017-01-20', 26, 0.96),
("Nostalgia's a Bitch", 8, 10, '2017-01-27', 32, 0.94),
('You Made a Choice to Be Good', 8, 11, '2017-02-03', 48, 1.01),
('What Are You?', 8, 12, '2017-02-10', 35, 0.98),
('The Lies Will Catch Up to You', 8, 13, '2017-02-17', 30, 1.04),
('Its Been a Hell of a Ride', 8, 14, '2017-02-24', 26, 1.03),
('We are Planning a June Wedding', 8, 15, '2017-03-03', 23, 0.97),
('I Was Feeling Epic', 8, 16, '2017-03-10', 37, 1.08);



INSERT INTO Songs(Title, Artist, Album, ReleaseYear, Genre)
VALUES
("Bloodstream", "Stateless", "Matilda", 2007, "Alternative Rock"),
("Never Say Never", "The Fray", "The Fray", 2009, "Alternative Rock"),
("Down", "Jason Walker", "Midnight Starlight", 2011, "Electronic"),
("Cut", "Plumb", "Chaotic Resolve", 2006, "Alternative Rock,"),
("Help I'm Alive", "Metric", "Fantasies", 2009, "Indie Rock"),
("Eternal Flame", "Candice King", "Everything", 1988, "Pop Rock"),
("You're a Wolf", "Sea Wolf", "Leaves in the River", 2007, "Indie Rock"),
("Hurt", "Johnny Cash", "The Downward Spiral", 1994, "Alternative Rock"),
("Howl", "Florence + The Machine", "Lungs", 2009, "Indie Rock"),
("Obsession", "Sky Ferreira", "Night Time, My Time", 2013, "Indie Pop"),
("Consoler of the Lonely", "The Raconteurs", "Consolers of the Lonely", 2008, "Blues Rock"),
("All You Wanted", "Sounds Under Radio", "Cinematica", 2007, "Alternative Rock"),
("We Own the Sky", "M83", "Saturdays = Youth", 2008, "Electronic"),
("Gravity", "Sara Bareilles", "Little Voice", 2007, " Pop Rock"),
("Belong", "Cary Brothers", "Who You Are", 2007, "Indie Rock"),
("Be Still", "The Fray", "Scars & Stories", 2012, "Pop Rock"),
("Out of My Mind", "The Mushroom Cloud", "The Righteous & the Butterfly", 2014, "Indie Rock"),
("Running Up That Hill", "Placebo", "Placebo", 2003, "Alternative Rock, Post-Punk");


INSERT INTO Songs_Episodes(Song_id, Season, EpisodeNumber)
VALUES 
(1, 8, 8),
(2, 8, 16),
(3, 1, 10),
(4, 1, 3),
(5, 1, 18),
(6, 8, 8),
(6, 5, 7),
(7, 1, 3),
(8, 1, 19),
(9, 3, 6),
(9, 6, 22),
(10, 4, 4),
(11, 1, 2),
(11, 4, 2),
(13, 3, 3),
(14, 3, 7),
(15, 4, 20),
(16, 5, 11),
(17, 6, 1),
(18, 7, 1);


INSERT INTO Powers(PowerName, Weakness, UniqueTrait)
VALUES 
('Compulsion', 'Vervain', 'Mind Control'),
('Immortality', 'Wooden Stake', 'Eternal Life'),
('Telekinesis', 'Concentration', 'Object Manipulation'),
('Fire Manipulation', 'Water', 'Pyrokinesis'),
('Shapeshifting', 'Moonstone', 'Form Alteration'),
('Mind Reading', 'Emotional Control', 'Thought Perception'),
('Healing', 'Magic-Blocking Objects', 'Regenerative Powers'),
('Vampire Speed', 'Sunlight', 'Supernatural Speed'),
('Dream Manipulation', 'Awakening', 'Dream Control'),
('Werewolf Transformation', 'Silver', 'Lycanthropy');

INSERT INTO Species_Powers(PowerName, SpeciesName)
VALUES 
('Compulsion','Vampire'),
('Immortality','Vampire'),
('Telekinesis', 'Witch'),
('Fire Manipulation', 'Witch'),
('Shapeshifting', 'Werewolf'),
('Mind Reading','Vampire'),
('Healing', 'Vampire'),
('Vampire Speed', 'Vampire'),
('Dream Manipulation', 'Witch'),
('Werewolf Transformation', 'Werewolf');


INSERT INTO Relationships(Char_id_1, Char_id_2, Relationship_type, EnemyOrAlly, DurationInMonths)
VALUES 
(3, 2, 'Siblings', 'Allies', 96), 
(4, 5, 'Friends', 'Allies', 72),
(6, 7, 'Friends', 'Allies', 24), 
(12, 13, 'Siblings', 'Enemies', 96), 
(14, 1, 'Doppleganger', 'Enemies', 96), 
(11, 12, 'Siblings', 'Allies', 120),
(1, 2, "Romantic", "Allies", 36),
(1, 3, "Romantic", "Allies", 30), 
(2, 5, "Romantic", "Allies", 24), 
(9, 5, "Romantic", "Allies", 27), 
(14, 2, "Romantic", "Allies", 50), 
(14, 3, "Romantic", "Allies", 45), 
(7, 4, "Romantic", "Allies", 34), 
(12, 5, "Romantic", "Allies", 4);



INSERT INTO ArtifactsObjects(ObjectName, Description, CurrentOwner)
VALUES 
('Gilbert Ring', 'A magical ring that protects the wearer from death.', 1),
('Moonstone', 'A powerful gemstone with mystical properties.', 12),
('Dagger of Klaus', 'A dagger used to neutralize the Original vampire Klaus.', 11),
('Lockwood Family Cursed Necklace', 'A necklace with a werewolf curse.', 9),
('The Cure', 'A potion that can turn vampires back into humans.', 14),
('Doppelg채nger Amulet', 'An amulet linked to doppelg채ngers.', 2),
('The Phoenix Sword', 'A sword with the power to kill an immortal being.', 8),
('The Ascendant', 'A mystical device used to access a prison world.', 4),
('The Cure Potion', 'A vial containing the Cure for vampirism.', 3),
('The Hunters Mark', 'A mystical tattoo that reveals the location of supernatural creatures.', 5);

INSERT INTO Characters_Death_Episodes(Char_id, Season, EpisodeNumber)
VALUES

(2, 5, 21),
(2, 8, 16),
(3, 5, 21),
(4, 4, 22),
(4, 5, 21),
(7, 4, 14),
(8, 3, 22),
(9, 8, 3),
(10, 5, 19),
(14, 5, 11),
(14, 5, 15);

INSERT INTO Curses(CurseName, IntroSeason, IntroEpisode, BreakSeason, BreakEpisode)
VALUES
("The Sun and The Moon Curse", 2, 1, 2, 21),
("The Hybrid Curse", 2, 19, 3, 11),
("The Cure", 4, 1, 4, 15),
("The Tomb Vampires' Curse", 1, 9, 1, 14),
("The Hunter's Curse", 4, 9, 4, 22),
("The Sire Bond Curse", 4, 7, 4, 21)

